{
    "persons": [
        {
            "singer": "Егор Летов",
            "content": "Основатель, лидер и единственный постоянный участник группы «Гражданская оборона»",
            "page":"Letov"
        },
        {
            "singer": "Кирк Ли Хэмметт",
            "content": "Cоло-гитарист группы Metallica",
            "page": "Hammett"
        },
        {
            "singer": "Юрий Хой",
            "content": "Основатель и бессменный лидер панк-рок-группы «Сектор Газа»",
            "page": "Khoi"
        }
    ]
}